,nome,endereco,latitude,longitude
0,ACAD UR5,"R. Padre Manuel Ribeiro da Rocha, 81 - Lagoa Encantada, Recife - PE, 51300-420, Brazil",-8.13229801512888,-34.9487064475109
1,ACADEMIA CIDADE BARRO-01,"R. Padre Diogo Rodrigues, 531a - Barro, Recife - PE, 50900-110, Brazil",-8.08978290659485,-34.9402937734856
2,ACADEMIA CIDADE MADALENA-01,"Av. Beira Rio, 865 - Madalena, Recife - PE, 50610-100, Brazil",-8.0465098118939,-34.9040884790076
3,ACADEMIA CIDADE SAN MARTIN-01,"Av. Gen. San Martin, S/N - San Martin, Recife - PE, 50761-000, Brazil",-8.06693000365817,-34.9274064299941
4,ARRAIAL BOM JESUS-01,"R. Dezesseis de Outubro, 820 - Cordeiro, Recife - PE, 50640-021, Brazil",-8.05723432338562,-34.9312732357951
5,ASSEMBLEIA DEUS MINISTERIO GUARA-01,"Av. Chapada do Araripe, 43 - COHAB, Recife - PE, 54280-820, Brazil",-8.11983519870557,-34.9601405549357
6,AV ALFREDO LISBOA-01,"R. da Moeda, nº46 - Recife, PE, 50030-040, Brazil",-8.06447496945702,-34.8720588907599
7,AV GUARARAPES CORREIOS-01,"Av. Guararapes, 1 - Santo Antônio, Recife - PE, 50060-001, Brazil",-8.06265117430159,-34.8803188970346
8,AV MARQUES DE OLINDA-01,"Av. Marquês de Olinda, 11 - Recife, PE, 50030-000, Brazil",-8.06326762722778,-34.871644154191
9,AV RIO BRANCO-01,"Av. Rio Branco, 126 - Recife, PE, 50030-900, Brazil",-8.06268036279988,-34.8725317935405
10,AV RIO BRANCO-02,"Av. Rio Branco, 126 - Recife, PE, 50030-900, Brazil",-8.06268036279988,-34.8725317935406
11,AV RIO BRANCO-03,"Av. Rio Branco, 126 - Recife, PE, 50030-900, Brazil",-8.06268036279988,-34.8725317935408
12,AV RIO BRANCO-04,"R. do Bom Jesus, 20 - Recife, PE, 50030-170, Brazil",-8.06292467917682,-34.8717003126898
13,BLOCO GALINHA NA VARA-01,"Tv. des Pedro Ribeiro Malta, 240 - Barro, Recife - PE, 51275-000, Brazil",-8.10776565487944,-34.9496541986468
14,BOMBA DO HEMETERIO,"R. Bomba do Hemetério, 403 - Bomba do Hemetério, Recife - PE, 52111-070, Brazil",-8.02199761925098,-34.9001748220899
15,CALCADA DO NAUTICO,"Avenida Cons, o - Av. Conselheiro Rosa e Silva, 1086 - Aflitos, Recife - PE, 52050-340, Brazil",-8.0415766,-34.8975023
16,CAMPO DE SALINAS-01,"R. Sen. Thomaz Lobo, 5218 - Areias, Recife - PE, 50860-390, Brazil",-8.09539631015151,-34.9231207351573
17,CAMPO DO 11-01,"R. Guaraí, 137 - Santo Amaro, Recife - PE, 50110-045, Brazil",-8.04164199976146,-34.879012784855
18,CAMPO DO 11-02,"R. Guaraí, 67 - Santo Amaro, Recife - PE, 50110-045, Brazil",-8.04154904556488,-34.8789383535543
19,CEMITERIO CASA AMARELA -01,"Largo de Casa Amarela, 10 - Casa Amarela, Recife - PE, 52070-340, Brazil",-8.02566260915291,-34.9183863401413
20,CEMITERIO PQ DAS FLORES-01,"Av. Liberdade, 1284-1314 - Sancho, Recife - PE, Brasil - Curado, Recife - PE, 50920-683, Brazil",-8.08168576023712,-34.9611675739288
21,CEMITERIO STO AMARO-01,"R. do Pombal, 297 - Santo Amaro, Recife - PE, 50100-170, Brazil",-8.05060907273065,-34.8841881752014
22,CEMITERIO STO AMARO-02,"R. do Pombal, 297 - Santo Amaro, Recife - PE, 50100-170, Brazil",-8.05060907273065,-34.8841881752014
23,CEMITERIO VARZEA-01,"Av. Prof. Artur de Sá, sn - Cidade Universitária, Recife - PE, 50740-520, Brazil",-8.04573569596928,-34.952919781208
24,CMPZ. MIG. ARRAES (Prc da Inffância),"Av. Caxangá com R. Fausto Cardoso - Madalena - Madalena, Recife - PE, 50610-390, Brazil",-8.05457775714707,-34.9141125288355
25,COHAB ESCORREGOU TA DENTRO,"R. Odete Monteiro, 106 - Cordeiro, Recife - PE, 50711-440, Brazil",-8.04432858048747,-34.92316846861
26,COMPAZ PAULO FREIRE (IBURA)-01,"Ladeira da Cohab, 56 - Ibura, Recife - PE, 51280-000, Brazil",-8.11851316803163,-34.9458732509264
27,COMPAZ PAULO FREIRE (IBURA)-02,"Ladeira da Cohab, 56 - Ibura, Recife - PE, 51280-000, Brazil",-8.1185450319675,-34.9458839797626
28,COMPAZ PAULO FREIRE (IBURA)-03,"Ladeira da Cohab, 28 - Ibura, Recife - PE, 51290-000, Brazil",-8.11868572785148,-34.9457322576722
29,COMPAZ PAULO FREIRE (IBURA)-04,"R. Galo de Campína, 43 - COHAB, Recife - PE, 51290-609, Brazil",-8.11862166666255,-34.9454487137056
30,COMUNIDADE CHIE-01,"R. Macaé, 122 - Torrões, Recife - PE, 51350-140, Brazil",-8.10540771410873,-34.9215708525791
31,COMUNIDADE CHIE-02,"R. Macaé, 165 - Torrões, Recife - PE, 51350-140, Brazil",-8.10525390234982,-34.9213802696256
32,COMUNIDADE CHIE-03,"R. Macaé, 122b - Torrões, Recife - PE, 51350-140, Brazil",-8.10493312535162,-34.9214361828161
33,COMUNIDADE CHIE-04,"R. Blumenau, 648 - Ipsep, Recife - PE, 51350-190, Brazil",-8.10472260243975,-34.9223701982897
34,COMUNIDADE CHIE-05,"R. Rio Jaratuba, 25 - Ipsep, Recife - PE, 51350-150, Brazil",-8.10502000927669,-34.9225311308317
35,COMUNIDADE CHIE-06,"R. Rio Doce, 223 - Ipsep, Recife - PE, 51350-130, Brazil",-8.10470473780148,-34.9201782675372
36,COMUNIDADE PORTELINHA-01,"R. Macaé, 122b - Torrões, Recife - PE, 51350-140, Brazil",-8.10472185099995,-34.9212654580946
37,COMUNIDADE PORTELINHA-02,"R. Macaé, 117 - Torrões, Recife - PE, 51350-140, Brazil",-8.10484861562426,-34.921836729278
38,COMUNIDADE PORTELINHA-03,"R. Virgínia Heráclio, 739 - Ipsep, Recife - PE, 51350-250, Brazil",-8.10592147095195,-34.9234127867679
39,COMUNIDADE PORTELINHA-04,"R. Virgínia Heráclio, 739 - Ipsep, Recife - PE, 51350-250, Brazil",-8.10592147095195,-34.9234127867679
40,COMUNIDADE PORTELINHA-05,"R. Virgínia Heráclio, 739 - Ipsep, Recife - PE, 51350-250, Brazil",-8.10592147095195,-34.9234127867679
41,COMUNIDADE SETE DE MAIO,"Rua Sargto.Silvio Delmar Holhembch - Imbiribeira, Recife - PE, 51150-000, Brazil",-8.1036182,-34.9091862
42,CONJ HAB VIA MANGUE-01,"R. Jemil Asfora, 160 - Pina, Recife - PE, 51110-200, Brazil",-8.0876077,-34.8928378
43,CONJ HAB VIA MANGUE-02,"R. Amador Bueno, 18 - Pina, Recife - PE, 51110-310, Brazil",-8.0884771,-34.8966573
44,EMLURB SEDE-01,"Av. Governador Carlos de Lima Cavalcanti, 1 - Boa Vista, Recife - PE, 50070-110, Brazil",-8.05625884869958,-34.8953973301561
45,ESCOLA PROFISSIONAL DE AREIAS-01,"R. Ipojuca, 257 - Areias, Recife - PE, 50780-010, Brazil",-8.09407540005368,-34.9359035578059
46,ESCOLA SOCIAL DA COMUNIDADE BEM-01,"R. B, 23 - Imbiribeira, Recife - PE, 51150-290, Brazil",-8.10458557003434,-34.9066710982661
47,EXPOSICAO DO CORDEIRO-01,"Baobá - Av. Gov. Paulo Pessoa Guerra - Cordeiro, Recife - PE, 50711-490, Brazil",-8.0444751,-34.9253497
48,FORTE DO BRUM-01,"Porto Digital do - Recife, PE, 50030-230, Brazil",-8.05374599241129,-34.8708103049242
49,HABITACIONAL ENCANTA MOCA-01,"R. José Rodrigues, 85 - Pina, Recife - PE, 51011-480, Brazil",-8.09700161921519,-34.8891990491791
50,HABITACIONAL ENCANTA MOCA-02,"R. José Rodrigues, 160 - Pina, Recife - PE, 51011-400, Brazil",-8.09610366363759,-34.8901132631572
51,HABITACIONAL SERGIO LORETO-01,"Praça Sérgio Lorêto, 1044 - São José, Recife - PE, 50020-200, Brazil",-8.07181226608559,-34.885130163475
52,HABITACIONAL TRAVESSA DO GUSMAO-01,"Tv. do Gusmão, 91 - São José, Recife - PE, 50020-520, Brazil",-8.07235701995706,-34.8872913536394
53,HOSPITAL VETERINARIO DO RECIFE-01,"Av. Prof. Estevão F. da Costa, 23 - Cordeiro, Recife - PE, 50620-450, Brazil",-8.04437368837036,-34.9201174644189
54,ILHA DE DEUS-01,"R. Vila Neto, 30 - Pina, Recife - PE, 51110-430, Brazil",-8.087505,-34.900726
55,JARDIM BOTANICO-01,"Av. Getúlio Vargas, 1251 - Curado - Curado, Recife - PE, 50950-000, Brazil",-8.07531971958836,-34.9655562574108
56,LAGOA DO ARACA-01,"R. Eng. José Brandão Cavalcante, 770-778 - Imbiribeira, Recife - PE, 51170-130, Brazil",-8.09271158293552,-34.9158625900914
57,LARGO DA ENCRUZILHADA-01,"R. Dr. José Maria, 52 - Encruzilhada, Recife - PE, 52081-430, Brazil",-8.0371559,-34.8919026
58,LUIS INACIO PESSOA DE MELO,"R. Couto Magalhães, S/N - Rosarinho, Recife - PE, 52041-330, Brazil",-8.0306641,-34.8948969
59,MERCADO AFOGADOS-01,"Mercado Público-Box 357 - Estr. dos Remédios, S/N - Afogados, Recife - PE, 50770-120, Brazil",-8.07808351698442,-34.9064205600521
60,MERCADO BOA VISTA-01,"R. da Santa Cruz, 140 - Boa Vista, Recife - PE, 50060-230, Brazil",-8.06302976677828,-34.8887334027861
61,MERCADO BOA VISTA-02,"R. da Santa Cruz, 140 - Boa Vista, Recife - PE, 50060-230, Brazil",-8.06302976677828,-34.8887334027861
62,MERCADO BOA VISTA-03,"R. da Santa Cruz, 140 - Boa Vista, Recife - PE, 50060-230, Brazil",-8.06302976677828,-34.8887334027862
63,MERCADO CASA AMARELA-01,"R. Padre Lemos, 91-147 - Casa Amarela, Recife - PE, 52070-240, Brazil",-8.025808817359,-34.9177188583731
64,MERCADO CASA AMARELA-02,"R. Padre Lemos, 88 - Casa Amarela, Recife - PE, 52070-200, Brazil",-8.0258965539659,-34.9177300947022
65,MERCADO CASA AMARELA-03,"R. Padre Lemos, 86 - Casa Amarela, Recife - PE, 52070-200, Brazil",-8.02595865355741,-34.9177041901101
66,MERCADO CASA AMARELA-04,"R. Padre Lemos, 94 - Box 95-96 - Casa Amarela, Recife - PE, 52070-200, Brazil",-8.02594078661722,-34.9172373099013
67,MERCADO CASA AMARELA-05,"R. Padre Lemos, 94 - Box 95-96 - Casa Amarela, Recife - PE, 52070-200, Brazil",-8.02584140174805,-34.9172666308806
68,MERCADO CASA AMARELA-06,"Mercado Público de Casa Amarela - box 27 - R. Padre Lemos - Casa Amarela, Recife - PE, 52070-200, Brazil",-8.02572749995797,-34.9172418208212
69,MERCADO CORDEIRO-01,"Av. Gen. San Martin, 163 - Jiquiá, Recife - PE, 50630-060, Brazil",-8.0515331524673,-34.9216563633609
70,MERCADO CORDEIRO-02,"Rua Honório Correia, 251 - Cordeiro, Recife - PE, 50630-050, Brazil",-8.05170666249303,-34.9217609624722
71,MERCADO CORDEIRO-03,"Rua Honório Correia, 251 - Cordeiro, Recife - PE, 50630-050, Brazil",-8.05188689763484,-34.921822091823
72,MERCADO CORDEIRO-04,"R. Nissin Bensoussan, 136 - Cordeiro, Recife - PE, 50630-030, Brazil",-8.05164863510342,-34.9214489644981
73,MERCADO CORDEIRO-05,"Av. Gen. San Martin, S/n - Cordeiro, Recife - PE, 50630-030, Brazil",-8.05169555500272,-34.9214187453745
74,MERCADO DOS COELHOS-01,"R. Dr. José Mariano, S/N - Boa Vista, Recife - PE, 50060-290, Brazil",-8.06584949666541,-34.8878464263196
75,MERCADO ENCRUZILHADA-01,"R. Dr. José Maria, 616 - Encruzilhada, Recife - PE, 52041-015, Brazil",-8.03565480664902,-34.8974258112478
76,MERCADO ENCRUZILHADA-02,"R. Dr. José Maria, 616 - Encruzilhada, Recife - PE, 52041-015, Brazil",-8.03565480664902,-34.8974258112478
77,MERCADO ENCRUZILHADA-03,"Mercado da Encruzilhada - R. Dr. José Maria, s/n - box 220 - Encruzilhada, Recife - PE, 52041-015, Brazil",-8.03662616550316,-34.8922432174038
78,MERCADO ENCRUZILHADA-04,"R. Dr. José Maria, 616 - Encruzilhada, Recife - PE, 52041-015, Brazil",-8.03565480664902,-34.8974258112479
79,MERCADO ENCRUZILHADA-05,"R. Dr. José Maria, 616 - Encruzilhada, Recife - PE, 52041-015, Brazil",-8.03565480664902,-34.8974258112479
80,MERCADO ENCRUZILHADA-06,"R. Dr. José Maria, 616 - Encruzilhada, Recife - PE, 52041-015, Brazil",-8.03565480664902,-34.8974258112479
81,MERCADO ENCRUZILHADA-07,"R. Dr. José Maria, 616 - Encruzilhada, Recife - PE, 52041-015, Brazil",-8.03565480664902,-34.8974258112479
82,MERCADO ENCRUZILHADA-08,"R. Dr. José Maria, 616 - Encruzilhada, Recife - PE, 52041-015, Brazil",-8.03565480664902,-34.8974258112479
83,MERCADO MADALENA-01,"R. Real da Torre, 521 - Madalena, Recife - PE, 50610-000, Brazil",-8.05239831426946,-34.9086483451154
84,MERCADO MADALENA-02,"Rua Real da Torre, Mercado da Madalena - Box 61 a 66 - Madalena - Madalena, Recife - PE, 50610-000, Brazil",-8.05222085473404,-34.9085671904131
85,MERCADO MADALENA-03,"R. Dr. João Coimbra, 1 - Madalena, Recife - PE, 50610-310, Brazil",-8.05223134230499,-34.9087551984114
86,MERCADO MADALENA-04,"R. Real da Torre, 521 - Madalena, Recife - PE, 50610-000, Brazil",-8.05213564320988,-34.9085592464132
87,MERCADO MADALENA-05,"Rua Real Torre - s/n bx 34/35 - Madalena, Recife - PE, 50610-000, Brazil",-8.05255514592487,-34.9088161024108
88,MERCADO MADALENA-06,"R. Real da Torre, 521 - Madalena, Recife - PE, 50610-000, Brazil",-8.05213171036987,-34.9085393864134
89,MERCADO MADALENA-07,"R. Real da Torre, 521 - Madalena, Recife - PE, 50610-000, Brazil",-8.05263401194334,-34.9086196872925
90,MERCADO MADALENA-08,"Rua Real da Torre, Mercado da Madalena - Box 61 a 66 - Madalena - Madalena, Recife - PE, 50610-000, Brazil",-8.05225523542391,-34.9085292325091
91,MERCADO SANTA RITA-01,"Cais Santa Rita, 626 - São José, Recife - PE, 50020-705, Brazil",-8.07096773205401,-34.8769407877391
92,MERCADO SANTA RITA-02,"Cais Santa Rita, 626 - São José, Recife - PE, 50020-705, Brazil",-8.07096773205401,-34.8769407877391
93,MERCADO SANTA RITA-03,"Cais Santa Rita, 626 - São José, Recife - PE, 50020-705, Brazil",-8.07096773205401,-34.8769407877391
94,MERCADO SANTA RITA-04,"Cais Santa Rita, 626 - São José, Recife - PE, 50020-705, Brazil",-8.07096773205401,-34.8769407877391
95,MERCADO SANTA RITA-05,"Cais Santa Rita, 626 - São José, Recife - PE, 50020-705, Brazil",-8.07096773205401,-34.8769407877391
96,MERCADO SAO JOSE-01,"Praça Dom Vital, s/n - bx 73/74 - São José, Recife - PE, 50020-280, Brazil",-8.06858846373088,-34.8780178180765
97,MERCADO SAO JOSE-02,"R. do Porão, 166 - São José, Recife - PE, 50020-610, Brazil",-8.06806527006992,-34.8776666876626
98,MERCADO SAO JOSE-03,"Praça Dom Vital, s/n - bx 73/74 - São José, Recife - PE, 50020-280, Brazil",-8.06858846373088,-34.8780178180765
99,MERCADO SAO JOSE-04,"R. da Praia, 470 - São José, Recife - PE, 50020-550, Brazil",-8.06878317369197,-34.8774747381467
100,MERCADO SAO JOSE-05,"R. da Praia, 248 - São José, Recife - PE, 50020-550, Brazil",-8.06857044074449,-34.8773734220724
101,MERCADO SAO JOSE-06,"Praça Dom Vital, 193 - São José, Recife - PE, 50020-906, Brazil",-8.06843553686611,-34.8773175235486
102,MERCADO SAO JOSE-07,"Praça Dom Vital, 346 - São José, Recife - PE, 50020-280, Brazil",-8.06827641941324,-34.8776511678623
103,ORLA BOA VIAGEM - 1 JARDIM-01,"Av. Boa Viagem, 3196 - Boa Viagem, Recife - PE, 51020-001, Brazil",-8.10499602183443,-34.886986964158
104,ORLA BOA VIAGEM - 2 JARDIM-01,"Terceiro Jardim da Boa Viagem, Terceiro Jardim de Boa Viagem - 34 - Boa Viagem, Recife - PE, 51011-000, Brazil",-8.10821400924063,-34.888495605755
105,ORLA BOA VIAGEM - 3 JARDIM-01,"Terceiro Jardim da Boa Viagem, Terceiro Jardim de Boa Viagem - 34 - Boa Viagem, Recife - PE, 51011-000, Brazil",-8.10821966055982,-34.8884953341302
106,ORLA BOA VIAGEM - QUIOSQUE 16-01,"Av. Boa Viagem, 16 - Boa Viagem, Recife - PE, 51011-000, Brazil",-8.11376211486535,-34.8909100073467
107,ORLA BOA VIAGEM - QUIOSQUE 18-01,"PE-009, 18 - Boa Viagem, Recife - PE, 51020-000, Brazil",-8.115503540914,-34.8920970516267
108,ORLA BOA VIAGEM - QUIOSQUE 20-01,"Av. Boa Viagem, 20 - Boa Viagem, Recife - PE, 51011-000, Brazil",-8.11683648231502,-34.8928982670027
109,ORLA BOA VIAGEM - QUIOSQUE 22-01,"Av. Boa Viagem, 22 - Boa Viagem, Recife - PE, 51011-000, Brazil",-8.11838650862226,-34.8937715507278
110,ORLA BOA VIAGEM - QUIOSQUE 24-01,"Av. Boa Viagem, 3478 - Boa Viagem, Recife - PE, 51020-001, Brazil",-8.12013242687217,-34.8950420789902
111,ORLA BOA VIAGEM - QUIOSQUE 26-01,"PE-009, 3672 - Boa Viagem, Recife - PE, 51021-280, Brazil",-8.12183794643355,-34.895767907012
112,ORLA BOA VIAGEM - QUIOSQUE 28-01,"PE-009, 28 - Boa Viagem, Recife - PE, 51030-000, Brazil",-8.12327185712116,-34.8964007002856
113,ORLA BOA VIAGEM - QUIOSQUE 30-01,"Av. Boa Viagem, 30 - Boa Viagem, Recife - PE, 51011-000, Brazil",-8.12503692143915,-34.897062153149
114,ORLA BOA VIAGEM - QUIOSQUE 3-01,"R. Cap. Rebelinho, 447 - Pina, Recife - PE, 51011-010, Brazil",-8.09502404321073,-34.8837567793939
115,ORLA BOA VIAGEM - QUIOSQUE 32-01,"Av. Boa Viagem, 32 - Boa Viagem, Recife - PE, 51011-000, Brazil",-8.12694801197613,-34.8976644485827
116,ORLA BOA VIAGEM - QUIOSQUE 33-01,"Av. Boa Viagem, 33 - Boa Viagem, Recife - PE, 51011-000, Brazil",-8.12835892393216,-34.8981396689421
117,ORLA BOA VIAGEM - QUIOSQUE 38-01,"Av. Boa Viagem, 38 - Boa Viagem, Recife - PE, 51011-000, Brazil",-8.13349501260478,-34.9004767231395
118,ORLA BOA VIAGEM - QUIOSQUE 45-01,"Av. Boa Viagem, 45 - Boa Viagem, Recife - PE, 51011-000, Brazil",-8.13887062353118,-34.9023605003133
119,PATIO SAO PEDRO - CASA 10-01,"R. Felipe Camarão, 119 - São José, Recife - PE, 50020-250, Brazil",-8.0670234,-34.8789351
120,PATIO SAO PEDRO - CASA CARNAVAL-01,"R. das Águas Verdes, 38 - São José, Recife - PE, 50020-545, Brazil",-8.06702177009843,-34.8791909095792
121,PC  ENTRONCAMENTO-02,"Av. Rui Barbosa, 879 - Graças, Recife - PE, 52011-040, Brazil",-8.0454534,-34.9020349
122,PC  HENJI GEMBA,"Praça da Morte - R. Felíciano José de Farias, 157 - Boa Viagem, Recife - PE, 51030-450, Brazil",-8.1329263,-34.9043207
123,PC ABC-01,"Rua Ernesto Cavalcanti, 41 - Mustardinha, Recife - PE, 50760-002, Brazil",-8.07384414367507,-34.9181010268781
124,PC ABELARDO BALTAR-01,"Praça Abelardo Baltar, 55 - Pina, Recife - PE, 51010-610, Brazil",-8.087275,-34.8831019
125,PC ABELARDO RIJO-01,"Clube Cabaga - Av. Eng. José Estelita - Cabanga - Cabanga, Recife - PE, 50090, Brazil",-8.0781686,-34.891742
126,PC AEREO XAVIER,"R. Dom José Pereira Alves, 250 - Cordeiro, Recife - PE, 50721-020, Brazil",-8.050299,-34.9262634
127,PC ALBERTO VANDERLE,"Praça Dr. Alberto Wanderley - Fundão - Porto da Madeira, Recife - PE, 52221-180, Brazil",-8.0094005,-34.8887121
128,PC ALEIXO DE OLIVEIRA-01,"R. Adolfo Faro, 1 - Ipsep, Recife - PE, 51350-420, Brazil",-8.1123306,-34.9243101
129,PC ALFREDO OZARIO,"R. São Vicente, 228 - Tamarineira, Recife - PE, 52051-160, Brazil",-8.02837823194217,-34.9059248455327
130,PC ALICE DE ALBUQUERQUE-01,"R. Adolfo Simões Barbosa, 729 - Cajueiro, Recife - PE, 52221-150, Brazil",-8.0125194,-34.8837992
131,PC ALTO DA SERRINHA-01,"R. Alto da Serrinha, 996 - Alto José Bonifacio, Recife - PE, 52080-290, Brazil",-8.0129213,-34.9107823
132,PC ALTO JOSE DO PINHO-01,"R. Severino Bernardino Pereira, 351 - Alto José do Pinho, Recife - PE, 52110-460, Brazil",-8.02233143262583,-34.906250881298
133,PC AMARO ALBINO PIMENTEL-01,"R. Eng. Agamenon Magalhães de Melo, 64 - Tamarineira, Recife - PE, 52050-552, Brazil",-8.0293038,-34.8972384
134,PC ANTONIO BEZERRA PONTES,"Praça do Sena, 163 - Areias, Recife - PE, 50870-782, Brazil",-8.0967943,-34.9339466
135,PC ANTONIO LUIZ NETO,"R. Desportista Valdir Santana, 65 - Ponto de Parada, Recife - PE, 52041-450, Brazil",-8.028103,-34.8906076
136,PC ARAO BOTLER,"Rua Cidade Monteiro, 380 - Porto da Madeira, Recife - PE, 52221-210, Brazil",-8.007036,-34.8870998
137,PC ARARI FERREIRA FONSECA-01,"R. José Peregrino, 33 - Iputinga, Recife - PE, 50690-370, Brazil",-8.0306268,-34.9362843
138,PC ARENA ESTANCIA-01,"R. Rocha Pombo, 26 - Estância, Recife - PE, 50865-090, Brazil",-8.0823729,-34.9317705
139,PC ARQUITETA MARIA LUCIA-01,"Praça Maria Lúcia - R. Américo de Campos, 87 - Ipsep, Recife - PE, 51350-590, Brazil",-8.10388164233312,-34.9267712807008
140,PC ARSENAL-01,"Praça do Arsenal da Marinha, S. n. Predio do Paço do Frevo, 1o. Andar - Recife, PE, 50030-210, Brazil",-8.06098721562961,-34.8712754394942
141,PC ASCENCAO FERREIRA-01,"R. Me. de Deus, 243 - Recife, PE, 50030-110, Brazil",-8.0624949,-34.8736728
142,PC BATALHA DA QUADRA-01,"Estr. Real do Poço, 494 - Poço da Panela, Recife - PE, 52061-200, Brazil",-8.03661806617319,-34.9248201305151
143,PC BATISTA DA SILVA-01,"R. Prof. Trajano de Mendonça, 340 - Torre, Recife - PE, 50710-200, Brazil",-8.0440251,-34.9093407
144,PC BERARDO-01,"R. João Crescêncio, 109 - Madalena, Recife - PE, 50720-300, Brazil",-8.05657953948613,-34.9124950348305
145,PC BRASILIT-01,"R. Eng. Vasconcelos Bittencourt, 86 - Várzea, Recife - PE, 50740-180, Brazil",-8.0414278,-34.9503072
146,PC BURACO DA GATA (QUADRA 3 CARNEIROS)-01,"R. Cap. João de Albuquerque, 10 - Ibura Ur Quatro, Recife - PE, 51320-660, Brazil",-8.12872113745269,-34.9469791273667
147,PC CAIS VILA DO VINTEM-02,"R. Dr. João Santos Filho, 17 - Parnamirim, Recife - PE, 52060-615, Brazil",-8.03748327818956,-34.9104805693287
148,PC CAIS VILA VINTEM-01,"R. Dr. João Santos Filho, 17 - Parnamirim, Recife - PE, 52060-615, Brazil",-8.03748327818956,-34.9104805693287
149,PC CAPIBA - CAJUEIRO,"R. Urca, 54 - Cajueiro, Recife - PE, 52221-360, Brazil",-8.00885396075627,-34.8853585177254
150,PC CASA FORTE-01,"Empresarial Alcides Fernandes - Praça de Casa Forte, 381 - sala 505 - Casa Forte, Recife - PE, 52061-420, Brazil",-8.03462414516641,-34.9194193892075
151,PC CASA FORTE-02,"Praça de Casa Forte, 454 - Casa Forte, Recife - PE, 52061-420, Brazil",-8.03426656953847,-34.9194728620465
152,PC CASA FORTE-03,"Praça de Casa Forte, 430 - Casa Forte, Recife - PE, 52061-420, Brazil",-8.03441860373689,-34.9195321848182
153,PC CASA FORTE-04,"Praça de Casa Forte, 430 - Casa Forte, Recife - PE, 52061-420, Brazil",-8.03466738684785,-34.9196368720623
154,PC CASA FORTE-05,"Praça de Casa Forte, 52 - Casa Forte, Recife - PE, 52061-420, Brazil",-8.03483669748894,-34.919270466708
155,PC CASA FORTE-06,"Praça de Casa Forte, 403 - Casa Forte, Recife - PE, 52061-420, Brazil",-8.03431494406233,-34.9190157277473
156,PC CASTRO ALVES-01,"R. Castro Alves, 410 - Torreão, Recife - PE, 52030-060, Brazil",-8.0398078,-34.8870045
157,PC CHICO SCIENCE-01,"Av. Sport Clube do Recife, 2 - Ilha do Retiro, Recife - PE, 50750-500, Brazil",-8.0619254,-34.9015502
158,PC CHORA MENINO-01,"Av. Lins Petit, 3 - Boa Vista, Recife - PE, 50070-230, Brazil",-8.06045532087026,-34.8948385861863
159,PC CICERO DIAS,"Praça Artista Plástico Cícero Dias - UR-5 - COHAB, Recife - PE, 51320-130, Brazil",-8.13274941009959,-34.9496957941446
160,PC CIDADE DO PORTO,"R. Sen. Hélio Coutinho, 214 - Boa Viagem, Recife - PE, 51111-160, Brazil",-8.1058056,-34.8894385
161,PC COMP ANTONIO MARIA-01,"R. Afonso de Albuquerque Melo, 101a - Santana, Recife - PE, 52060-450, Brazil",-8.0402063,-34.9147795
162,PC CONSELHEIRO JOAO ALFREDO-01,"Pista Local - R. Benfica, 114 - Madalena, Recife - PE, 50720-001, Brazil",-8.0572262,-34.9086446
163,PC COQUE E ARREDORES-02,"Pte. José de Barros Lima, 1002 - Ilha Joana Bezerra, Recife - PE, 50030-230, Brazil",-8.06977428266961,-34.8971016625824
164,PC CRISTINA VALENCA-01,"R. Artur Bernardes, 96 - Brasília Teimosa, Recife - PE, 51010-130, Brazil",-8.0858735,-34.8794689
165,PC CRISTO REI-01,"Parque Diamantino - R. Diamantino, 30 - COHAB, Recife - PE, 51340-550, Brazil",-8.1206607,-34.9547272
166,PC DA AMIZADE-01,"R. Nossa Sra. da Penha, 90 - Torrões, Recife - PE, 50761-150, Brazil",-8.0651583,-34.934843
167,PC DA AV MAURICIO DE NASSAU-01,"R. Odete Monteiro, 12 - Cordeiro, Recife - PE, 50711-440, Brazil",-8.0434061,-34.9224808
168,PC DA COMUNIDADE,"R. Rio Indaiá, 99 - COHAB, Recife - PE, 51280-010, Brazil",-8.1161396,-34.9476455
169,PC DA CONVENCAO-01,"Praça da Convenção, 196 - Beberibe, Recife - PE, 52130-470, Brazil",-8.00261627306729,-34.8973744423293
170,PC DA CRIANCA ALEXANDRA VILMA,"R. Dr. Benígno Jordão de Vasconcelos, 736 - COHAB, Recife - PE, 51280-400, Brazil",-8.1193922,-34.9505425
171,PC DA IGREJA-01,"R. Quinze de Novembro, 65 - COHAB, Recife - PE, 51345-060, Brazil",-8.114718,-34.9519652
172,PC DA MENTIRA-01,"R. Cap. Amaro Cerqueira, 40 - Areias, Recife - PE, 50870-360, Brazil",-8.0967964,-34.9329006
173,PC DA QUADRA/VASCO,"R. Cassatuba, 69 - Vasco da Gama, Recife - PE, 52081-100, Brazil",-8.0127297,-34.9212696
174,PC DA REDENCAO-01,"R. Gov. Lopo Garro, 347 - Engenho do Meio, Recife - PE, 50730-285, Brazil",-8.0555405,-34.9458994
175,PC DA RESTAURACAO-01,"R.Floriano Peixoto, 308 - São José, Recife - PE, 50020-060, Brazil",-8.067591,-34.8831217
176,PC DA RUA AGUA PRETA-01,"R. Vitória de Santo Antão, 141 - COHAB, Recife - PE, 51290-370, Brazil",-8.1228931,-34.9472378
177,PC DA RUA CARLOS GOMES-01,"R. Gomes Taborda, 58 - Cordeiro, Recife - PE, 50720-150, Brazil",-8.058709,-34.912475
178,PC DA RUA CLOTILDE DE MACHADO,"Praça do Ipê - R. Dr. Raposo Pinto, 452-500 - Ipsep, Recife - PE, 51350-240, Brazil",-8.108475,-34.9223228
179,PC DA RUA CORDISLANDIA-01,"R. Dr. Nina Rodrigues, 26 - Iputinga, Recife - PE, 50731-280, Brazil",-8.0396846167993,-34.9347217581835
180,PC DA RUA GUARABIRA,"Campo de Futebol - Imbiribeira, Recife - PE, 51160-060, Brazil",-8.1141725,-34.9075084
181,PC DA RUA JOAQUIM DE BRITO-01,"R. Joaquim de Brito, 123 - Boa Vista, Recife - PE, 50070-280, Brazil",-8.06210264278334,-34.8926659034695
182,PC DA RUA JUNQUEIRA FREIRE-01,"R. José Pímentel, 184 - Ipsep, Recife - PE, 51190-650, Brazil",-8.1153727,-34.9194676
183,PC DA RUA PROFESSOR AVERTANO ROCHA-01,"R. Dr. Domingos de Abreu Vasconcelos, 183 - Torrões, Recife - PE, 50761-220, Brazil",-8.0668741,-34.9337283
184,PC DA RUA ROSA M MELO-01,"R. Dep. Édson Mouri Fernandes, 46 - Ipsep, Recife - PE, 51350-670, Brazil",-8.1088085,-34.9267839
185,PC DA RUA VARZEA AGAPE-01,"R. Estevão de Sá, 10 - Várzea, Recife - PE, 50740-270, Brazil",-8.0363121,-34.9466471
186,PC DA VITORIA-01,"R. Cap. Gregório de Albuquerque, 687 - Areias, Recife - PE, 50870-260, Brazil",-8.0941815,-34.9342371
187,PC DAS CRIANCAS-01,"R. Cap. Paulo Teixeira, 31 - Areias, Recife - PE, 50870-330, Brazil",-8.09871570109981,-34.9335568757177
188,PC DE APIPUCOS-01,"R. de Apipucos, 521 - Apipucos, Recife - PE, 52071-640, Brazil",-8.0234581,-34.9306012
189,PC DE CAMPO GRANDE-01,"Praça de Campo Grande, 32 - Campo Grande, Recife - PE, 52031-001, Brazil",-8.0323628443499,-34.8780287252014
190,PC DE TODOS OS SANTOS,"R. Ilhéus, 74 - COHAB, Recife - PE, 51340-410, Brazil",-8.1211838,-34.9536334
191,PC DERBY-01,"Praça do Derby, 18031 - Derby, Recife - PE, 52010-140, Brazil",-8.05689714666578,-34.8987796588849
192,PC DERBY-02,"Av. Agamenon Magalhães Pista Local - Praça do Derby. Derby - Derby, Recife - PE, 52021-170, Brazil",-8.05722906659953,-34.8985061146748
193,PC DERBY-03,"Av. Gov. Agamenon Magalhães, 256 - Espinheiro, Recife - PE, 52010-075, Brazil",-8.05608706757774,-34.8984214577622
194,PC DERBY-04,"Praça do Derby, 1 - Derby, Recife - PE, 52010-140, Brazil",-8.05604648109326,-34.8999517887704
195,PC DESEMBARGADOR XAVIER PAES BARRETO,"R. Vicente Licínio, 47 - Ipsep, Recife - PE, 51190-690, Brazil",-8.1177614,-34.9205099
196,PC DESENHISTA EULINO SANTOS-01,"R. da Regeneração, 205 B - Água Fria, Recife - PE, 52120-300, Brazil",-8.02264008184245,-34.8831568910568
197,PC DIARIO-01,"Av. Dantas Barreto, 91 - Santo Antônio, Recife - PE, 50010-360, Brazil",-8.06441428225501,-34.878461826738
198,PC DO BOM PASTOR-01,"Praça Bom Pastor, 1320 - Iputinga, Recife - PE, 50670-630, Brazil",-8.04859776367154,-34.9402177945857
199,PC DO CAMPO SANTO-01,"Baobá de Iansã - Praça do Campo Santo - Santo Amaro, Recife - PE, 52120-092, Brazil",-8.0498943419271,-34.882511419276
200,PC DO COLEGIO JARBAS PERNAMBUCANO-01,"Praça Tobias Vitórino da Silva, 30 - Cajueiro, Recife - PE, 52221-140, Brazil",-8.01249499548778,-34.8864642513013
201,PC DO ESCORREGO-01,"R. Rio Arinos, 2-42 - COHAB, Recife - PE, 51280-220, Brazil",-8.1176165,-34.9468895
202,PC DO FINADO LEITEIRO-01,"R. Serra Bonga, 92 - COHAB, Recife - PE, 51290-160, Brazil",-8.11974332750506,-34.9472680105899
203,PC DO FUNDAO-01,"Av. Beberibe, 2759 - Fundão, Recife - PE, 52130-135, Brazil",-8.0146097,-34.8898762
204,PC DO INTERNACIONAL-01,"R. Benfica, 39 - Madalena, Recife - PE, 50720-001, Brazil",-8.05784798,-34.9041856
205,PC DO MONTEIRO (COHAB)-01,"Rua Sargento Rúbens Leite, 163 - COHAB, Recife - PE, 51300-240, Brazil",-8.1274858,-34.9457903
206,PC DO ROSARIO-01,"R. João Fernandes Viêira, 447 - Boa Vista, Recife - PE, 50050-215, Brazil",-8.05629834005433,-34.8899887435849
207,PC DOM DIOGO CAMARAO-01,"R. Doná Antônia Bezerra, 15 - Cordeiro, Recife - PE, 50640-250, Brazil",-8.0601913,-34.9286938
208,PC DOM JOSE PEREIRA ALVES,"R. Dom José Pereira Alves, 105 - Cordeiro, Recife - PE, 50721-020, Brazil",-8.0492099,-34.9253704
209,PC DOM MIGUEL VALVERDE (PQ DA INFANCIA)-01,"R. Prof. Otávio de Freitas, 370 - Encruzilhada, Recife - PE, 52041-120, Brazil",-8.03359916620341,-34.8926626402169
210,PC DOM MIGUEL VALVERDE (PQ DA INFANCIA)-02,"R. Prof. Otávio de Freitas, 370 - Encruzilhada, Recife - PE, 52041-120, Brazil",-8.03359916620341,-34.8926626402169
211,PC DOMINGOS GIOVANETTI-01,"R. Padre Anchieta, 25 - Torre, Recife - PE, 50710-432, Brazil",-8.04692703503524,-34.904383538878
212,PC DONA LINDU-01,"Dona Lindu - Av. Boa Viagem, s/n - Boa Viagem, Recife - PE, 51030-010, Brazil",-8.14127234409541,-34.9041155531785
213,PC DONA LINDU-02,"Dona Lindu - Av. Boa Viagem, s/n - Boa Viagem, Recife - PE, 51030-010, Brazil",-8.14127234409541,-34.9041155531786
214,PC DONA LINDU-03,"Dona Lindu - Av. Boa Viagem, s/n - Boa Viagem, Recife - PE, 51030-010, Brazil",-8.14127234409541,-34.9041155531787
215,PC DOUTOR JULIO CAMPELO,"Rua José Pessoa de Queiroz, 8 - Iputinga, Recife - PE, 50680-240, Brazil",-8.03216038130579,-34.9313702041937
216,PC DR ADOLFO CIRNE-01,"R. do Hospício, 563 - Boa Vista, Recife - PE, 50050-050, Brazil",-8.0580628,-34.8835213
217,PC DR FERNANDO FIGUEIRA-01,"R. Minas Gerais, 5a - Ilha do Leite, Recife - PE, 50070-400, Brazil",-8.06495323815321,-34.8932252212764
218,PC DR JOSE DE MELO-01,"R. Sebastião Malta Arcoverde, 160 - Parnamirim, Recife - PE, 52060-070, Brazil",-8.0332201,-34.9075393
219,PC DR JOSE VILELA-01,"Av. Dezessete de Agosto, 436 - Parnamirim, Recife - PE, 52060-590, Brazil",-8.0358682,-34.9131731
220,PC DR LULA CABRAL DE MELO-01,"Av. Dezessete de Agosto, 436 - Parnamirim, Recife - PE, 52060-590, Brazil",-8.0358682,-34.9131731
221,PC DR PEDRO ALVES NETO-01,"Av. Beberibe, 2759 - Fundão, Recife - PE, 52130-135, Brazil",-8.0146097,-34.8898762
222,PC DR PEDRO CAVALCANTI-01,"R. Neto de Mendonça, 165 - Tamarineira, Recife - PE, 52050-100, Brazil",-8.0353469,-34.9003973
223,PC ECA DE QUEIROZ-01,"Monumento da Praça - Praça Eça de Queiroz - Madalena, Recife - PE, 50610-590, Brazil",-8.05054019776173,-34.9071571292742
224,PC EDUARDO CARDOSO-01,"Praça Eduardo Cardoso - R. Cap. Gregório de Albuquerque - Areias, Recife - PE, 50870-800, Brazil",-8.0964796562122,-34.9311387269831
225,PC EL SALVADOR-01,"Elderly Park - Av. São Paulo, 616-628 - Jardim São Paulo, Recife - PE, 50910-250, Brazil",-8.08041640000142,-34.9403244307063
226,PC ELVIRA ANDRADE DE SOUZA-01,"R. Souza de Andrade, 5 - Graças, Recife - PE, 52050-252, Brazil",-8.043457,-34.90107
227,PC ENGENHO DO MEIO-01,"R. Antônio Curado, S/N - Engenho do Meio, Recife - PE, 50730-180, Brazil",-8.05699849420371,-34.9425551487816
228,PC ENTRONCAMENTO-01,"Praça do Entroncamento, 42 - Graças, Recife - PE, 52011-300, Brazil",-8.05063095367385,-34.897089570167
229,PC ESMERALDA,"R. Engenho Cabuçu, 25 - COHAB, Recife - PE, 51270-370, Brazil",-8.1147853,-34.9468543
230,PC ESPERANCA,"R. Caratinga, 62 - Zumbi, Recife - PE, 50720-493, Brazil",-8.0539383,-34.9162271
231,PC ESTEVAO DE SA-01,"Av. Caxangá, 855 - Madalena, Recife - PE, 50720-655, Brazil",-8.03622161858862,-34.9471547502538
232,PC FACA CEGA,"R. Mauá, 20 - COHAB, Recife - PE, 51340-650, Brazil",-8.1201256,-34.95711
233,PC FARIAS NEVES-01,"Praça de Dois Irmãos - Dois Irmãos - Dois Irmãos, Recife - PE, 52171-011, Brazil",-8.01567615781538,-34.9440416693687
234,PC FARIAS NEVES-02,"Praça de Dois Irmãos - Dois Irmãos - Dois Irmãos, Recife - PE, 52171-011, Brazil",-8.01567615781538,-34.9440416693687
235,PC FER. GALVAO,"Praça Fernando Galvão, 1 - Areias, Recife - PE, 50780-015, Brazil",-8.095108,-34.9389802
236,PC FILONILA FERREIRA-01,"R. Riachão, 33 - Várzea, Recife - PE, 50810-100, Brazil",-8.0410039,-34.9566146
237,PC FLOR DE CHEIRO,"R. Mauá, 20 - COHAB, Recife - PE, 51340-650, Brazil",-8.12012709692852,-34.9571194460889
238,PC FLOR DE SANTANA-01,"Av. Dezessete de Agosto, 1699 - Parnamirim, Recife - PE, 52060-485, Brazil",-8.0338341,-34.922097
239,PC FRANCISCO APOLONIO JORGE SALES-01,"Av. Oliveira Lima, 1029 - Soledade, Recife - PE, 50050-390, Brazil",-8.0563076704998,-34.8899596263888
240,PC FRANCO GOMES COUTINHO-01,"R. Dr. João Elísio, 241 - Mangueira, Recife - PE, 50820-230, Brazil",-8.077226,-34.9186936
241,PC GENERAL CARLOS PINTO-01,"Praça Gen. Carlos Pinto, 2-38 - Santo Amaro, Recife - PE, 50040-390, Brazil",-8.04036688615677,-34.8721798430563
242,PC GENERAL EULER-01,"R. Saturnino Meireles, 40 - Ipsep, Recife - PE, 51190-090, Brazil",-8.113733,-34.9219222
243,PC GER. VILAS BOAS,"R. Cupertinio Cintra, 33 - Lagoa Encantada, Recife - PE, 51300-450, Brazil",-8.1313235,-34.9488363
244,PC GETULIO VARGAS-01,"R. Costa Azevedo, 37 - Cordeiro, Recife - PE, 50630-280, Brazil",-8.0537507,-34.9227019
245,PC GOVERNADOR PAULO GUERRA-01,"Praça Gov. Paulo Pessoa Guerra, 11 - São José, Recife - PE, 50090-420, Brazil",-8.079007,-34.892124
246,PC GREGORIO BEZERRA-01,"R. Cantora Clara Nunes, 190 - Torre, Recife - PE, 50711-550, Brazil",-8.04451483587734,-34.914993819446
247,PC HIPODROMO-01,"Rua Fonseca Oliveira, 181 - Hipódromo, Recife - PE, 52041-690, Brazil",-8.03219882116732,-34.8869079351425
248,PC INDUSTRIAL MIGUEL SANTOS,"R. Pedro Américo Galvão, 28 - Boa Viagem, Recife - PE, 51011-560, Brazil",-8.1017113,-34.8860346
249,PC IRMA DOURACI,"Av. Manoel Gonçalves da Luz, 680 - Mustardinha, Recife - PE, 50760-830, Brazil",-8.0717366,-34.9183974
250,PC JACAREZINHO-01,"R. Iguatu, 159 - Campina do Barreto, Recife - PE, 52121-030, Brazil",-8.0184703,-34.8828505
251,PC JARDIM AMERICA-01,"R. Itacambira, 57 - Ipsep, Recife - PE, 51350-110, Brazil",-8.10573098690674,-34.9199512838669
252,PC JARDIM SAO PAULO-01,"Rua Senador Alberto Pasqualini, 15 - Estância, Recife - PE, 50781-745, Brazil",-8.08144405552198,-34.9380490833797
253,PC JENNER DE SOUZA-01,"R. Jener de Souza, 584 - Derby, Recife - PE, 52010-040, Brazil",-8.0548191,-34.9002638
254,PC JOAO MIGUEL DE SOUZA JUNIOR-01,"R. José dos Santos, 24 - Engenho do Meio, Recife - PE, 50730-040, Brazil",-8.0588205,-34.9457556
255,PC JOAO PEREIRA BORGES-01,"R. Manoel Caetano, 102 - Derby, Recife - PE, 52010-220, Brazil",-8.0540323,-34.9017982
256,PC JOAO PESSOA DE QUEIROZ-01,"R. Dr. Domingos de Abreu Vasconcelos, 226 - Torrões, Recife - PE, 50761-220, Brazil",-8.0671462,-34.932796
257,PC JOAO RIQUE-01,"R. João Rique, 52 - Iputinga, Recife - PE, 50680-370, Brazil",-8.0319545,-34.9319798
258,PC JOCA LEAL-01,"Rua Santa Izabel, 2-6 - Casa Amarela, Recife - PE, 52070-240, Brazil",-8.0266404,-34.9184689
259,PC JOCKEY CLUBE-01,"Av. Prof. Moraes Rego, 36 - Várzea, Recife - PE, 50740-425, Brazil",-8.0429444,-34.9438686
260,PC JORDAO BAIXO-01,"R. Alberto Lundgren, 2 - Jordão, Recife - PE, 51250-320, Brazil",-8.13666094057197,-34.9368679995964
261,PC JORN FRANCISCO PESSOA DE QUEIROZ-01,"R. Amaraji, 4 - Santana, Recife - PE, 52060-440, Brazil",-8.0388409,-34.9135733
262,PC JORNALISTA ANTONIO T JUNIOR-01,"V3CX+53 - Boa Viagem, Recife - State of Pernambuco, 51030-020, Brazil",-8.1295654,-34.9024754
263,PC JOSE BONIFACIO-01,"R. Batto Seca, 75 - Alto José Bonifacio, Recife - PE, 52080-300, Brazil",-8.0123774,-34.9140328
264,PC JOSE CICALIO-01,"Praça José Cecílio de Lira - R. Cap. Jerônimo Amaral, 142 - Areias, Recife - PE, 50870-090, Brazil",-8.0941406,-34.933374
265,PC JOSE DA MOTA SILVEIRA-01,"Av. Beira Rio, 145 - Madalena, Recife - PE, 50610-100, Brazil",-8.05623449086905,-34.9038203097092
266,PC JOSE MARIA DO NASCIMENTO PARAIBA LIXAO,"R. Manduri, 60 - COHAB, Recife - PE, 51340-170, Brazil",-8.1156672,-34.954941
267,PC JOSE SALES FILHO-01,"Av. Beira Rio, 286 - Torre, Recife - PE, 52010-290, Brazil",-8.04495789126588,-34.9047396885263
268,PC JOSEPH SMITH,"Av. Eng. Domingos Ferreira, 15 - Pina, Recife - PE, 51011-051, Brazil",-8.0967766,-34.8860996
269,PC LAGOA DO ARACA-01,"Lagoa do Araçá - Imbiribeira, Recife - PE, 51170-130, Brazil",-8.0926074,-34.9145855
270,PC LARGO D REGINA-01,"R. Nova Descoberta, 160 - Nova Descoberta, Recife - PE, 52090-003, Brazil",-8.0185598179306,-34.9261651002701
271,PC LARGO DO ENCANTA MOCA-01,"Largo do Encanta Moça, 103 - Pina, Recife - PE, 51011-120, Brazil",-8.0902461,-34.8860442
272,PC LEONARDO DA  VINCI-01,"R. Moacir Albuquerque, 198 - Imbiribeira, Recife - PE, 51170-440, Brazil",-8.0855597,-34.9102658
273,PC LINS DO REGO-01,"R. Lins do Rêgo, 14 - Imbiribeira, Recife - PE, 51190-600, Brazil",-8.11856,-34.9191644
274,PC LUIZ AMERICO WILLIANS-01,"Av. Engenho Babilônia, 265 - COHAB, Recife - PE, 51270-080, Brazil",-8.1128406,-34.9504799
275,PC LUIZ DE LACERDA-01,"R. Quipapá, 418 - Caxangá, Recife - PE, 50800-080, Brazil",-8.0354734,-34.9429783
276,PC LUIZ GONZAGA-01,"Praça 3 Marias - R. Engenho Serra Grande, 70-104 - COHAB, Recife - PE, 51270-060, Brazil",-8.11347037622244,-34.9510133142734
277,PC MACIEL PINHEIRO-01,"Praça Maciel Pinheiro, 341 - Boa Vista, Recife - PE, 50060-160, Brazil",-8.0622164352656,-34.8857708834521
278,PC MANGUE-01,"R. do Mangue, 91 - Afogados, Recife - PE, 50850-022, Brazil",-8.08503169150537,-34.9166009468778
279,PC MANUEL MARKMAN-01,"R. João Tude de Melo, 78 - Parnamirim, Recife - PE, 52060-010, Brazil",-8.0358389,-34.9096416
280,PC MARCELINO CHAMPAGNAT-01,"R. Paulino Gomes de Souza, 136 - Graças, Recife - PE, 52050-250, Brazil",-8.0416854,-34.9005635
281,PC MARCO ZERO-01,"Praça Rio Branco, 252 - Recife, PE, 50030-320, Brazil",-8.06341369026816,-34.8713122308254
282,PC MARCO ZERO-02,"Praça Rio Branco, 1 - Recife, PE, 50030-320, Brazil",-8.06275576183234,-34.8711352801909
283,PC MARIA JOSE DOS SANTOS DONA LIA,"R. Expedicionário Jamil Dagli, 145 - Campina do Barreto, Recife - PE, 52120-570, Brazil",-8.01775723021075,-34.8875137918739
284,PC MARIA MADALENA MISTO-01,"R. Cap. Domingos da Costa, s/n - Areias, Recife - PE, 50870-280, Brazil",-8.09700702108674,-34.9339270243174
285,PC MARIA VALDELUCIA-01,"R. João Paulo II, 259 - Areias, Recife - PE, 50780-645, Brazil",-8.10290996795826,-34.9382174406877
286,PC MARIO LOPES-01,"R. Principal, 59 - Alto José do Pinho, Recife - PE, 52210-050, Brazil",-8.02343215974009,-34.9080630005813
287,PC MAURICEIA-01,"B - R. Jean Emile Favre, 558 - Imbiribeira, Recife - PE, 51200-060, Brazil",-8.10776577388118,-34.915982134262
288,PC MELVIN JONES-01,"R. Sebastião Malta Arcoverde, 160 - Parnamirim, Recife - PE, 52060-070, Brazil",-8.0332201,-34.9075393
289,PC MERCIA DE ALBUQUERQUE-01,"R. Cap. Manuel de Águiar, 142 - Areias, Recife - PE, 50870-110, Brazil",-8.09510802434297,-34.932332605198
290,PC MIGUEL DE CERVANTES-01,"Praça Miguel de Cervantes, 145 - Ilha do Leite, Recife - PE, 50070-525, Brazil",-8.06703222441911,-34.8938449152119
291,PC MINISTRO JOAO GONCALVES DE SOUZA-01,"R. Borges da Fonseca, 78 - Iputinga, Recife - PE, 50670-550, Brazil",-8.0478788,-34.943701
292,PC MORRO CONCEICAO-01,"R. do Morro da Conceição, 408 - Boa Vista, Recife - PE, 52280-040, Brazil",-8.01948481710134,-34.9144528808284
293,PC NOSSA SRA DE LOURDES-01,"Vôlei do Bem - R. Padre Tiago Alberione - Barro, Recife - PE, 50780-520, Brazil",-8.09548667809743,-34.943802828854
294,PC NOVAES FILHO-01,"R. Iguatu, 410 - Campina do Barreto, Recife - PE, 52121-030, Brazil",-8.0164041,-34.8820654
295,PC ODALIA FREIRE DOS SANTOS-01,"Av. Montevidéu, 276 - Boa Vista, Recife - PE, 50050-250, Brazil",-8.0494868,-34.893073
296,PC PADRE ROMANO,"R. Maria do Carmo Catunda, 111 - Jardim São Paulo, Recife - PE, 50910-270, Brazil",-8.078235,-34.9397829
297,PC PAULO FREIRE-01,"R. Antônio Rabêlo, 47 - Madalena, Recife - PE, 50610-110, Brazil",-8.04911746870104,-34.9050863879988
298,PC PINTO DAMASIO-01,"Av. Afonso Olindense, 2070 - Várzea, Recife - PE, 50810-000, Brazil",-8.04910696088613,-34.9595029948104
299,PC POETA FERNANDO PESSOA-01,"Casa De Trânsito da Politica Militar - R. Amaro Bezerra, 372-422 - Derby, Recife - PE, 52010-140, Brazil",-8.05601731445245,-34.9010327239932
300,PC PONTE D UCHOA-01,"Av. Rui Barbosa, 1345 - Graças, Recife - PE, 52050-000, Brazil",-8.04183757998482,-34.9034314082186
301,PC PQ AMORIM-01,"Praça Parque Amorim, 34 - Boa Vista, Recife - PE, 50050-280, Brazil",-8.05173686624277,-34.8948702216334
302,PC PROFESSOR AGAMENON MAGALHAES-01,"R. Joaquim Rabêlo, 28 - Santo Amaro, Recife - PE, 50110-060, Brazil",-8.0436362,-34.8821134
303,PC PROFESSOR BARRETO CAMPELLO-01,"Praça Prof. Barreto Campêlo, 900 - Torre, Recife - PE, 50710-290, Brazil",-8.04763672638595,-34.9144518205051
304,PC PROFESSOR BARRETO CAMPELLO-02,"Praça Prof. Barreto Campêlo, 1174 - Torre, Recife - PE, 50710-290, Brazil",-8.04707419946716,-34.9141842453695
305,PC PROFESSOR BARRETO CAMPELLO-02,"Rua Conselheiro Theodoro, 71 - Zumbi, Recife - PE, 50711-030, Brazil",-8.0486955,-34.9150242
306,PC PROFESSOR CALAZANS-01,"R. Ernâni Braga, 241 - Madalena, Recife - PE, 50610-350, Brazil",-8.05043416557955,-34.910370815336
307,PC PROFESSOR COELHO DE ALMEIDA-01,"Av. Caxangá, 2689 - Cordeiro, Recife - PE, 50721-000, Brazil",-8.045444,-34.9307848
308,PC PROFESSOR FLEMING-01,"Praça Prof. Fleming, 42 - Jaqueira, Recife - PE, 52050-180, Brazil",-8.0349653,-34.905597
309,PC PROFESSOR RUTILIO-01,"R. Prof. Rutilho, 98 - Coqueiral, Recife - PE, 50791-040, Brazil",-8.08855429849951,-34.9668242919943
310,PC PROFESSOR RUTILIO-01,"R. Alcântara, 41 - Coqueiral, Recife - PE, 50920-620, Brazil",-8.08902655631427,-34.9674218752864
311,PC PROFESSOR TRAJANO-01,"R. Real da Torre, 1400 - Torre, Recife - PE, 50710-100, Brazil",-8.04475476584113,-34.9098948572642
312,PC PROFESSORA ANTONIA GALVAO-01,"R. Alegre, 261 - Água Fria, Recife - PE, 52120-140, Brazil",-8.0209129,-34.8929739
313,PC QUARTEL GENERAL-01,"R. do Hospício, 194 - Boa Vista, Recife - PE, 50060-080, Brazil",-8.05810691517184,-34.8832373074912
314,PC QUITERIA-01,"R. João Francisco Lisboa, 148 - Várzea, Recife - PE, 50741-100, Brazil",-8.0522801,-34.9562513
315,PC RADIO JORNAL DO COMERCIO-01,"Av. Dezessete de Agosto, 436 - Parnamirim, Recife - PE, 52060-590, Brazil",-8.0358682,-34.9131731
316,PC RAF. OLIV. ALVES,"R. S D 5519, 690 - Curado, Recife - PE, 50960-350, Brazil",-8.074124252,-34.945474
317,PC RAIZES-01,"R. Engenho Bem Querer, 51 - COHAB, Recife - PE, 51270-650, Brazil",-8.1121223,-34.9506496
318,PC REGINALDO ROSSI-01,"Largo dos Coelhos, 29 - Coelhos, Recife - PE, 50060-570, Brazil",-8.06852501083981,-34.8896844985969
319,PC REPUBLICA-01,"Praça da República, 1642 - Santana, Recife - PE, 50010-040, Brazil",-8.0600252988148,-34.8772408743427
320,PC RIO BRANCO-01,"Av. Rio Branco, 11 - Recife, PE, 50030-310, Brazil",-8.06302050846071,-34.8715510192142
321,PC RIO CAPIBARIBE,"R. Urca, 54 - Cajueiro, Recife - PE, 52221-360, Brazil",-8.00888157833852,-34.8852726559146
322,PC RODA DE FOGO-01,"Rua Tota Ventura, S/N - Torrões, Recife - PE, 50650-300, Brazil",-8.05821779713664,-34.9373173713684
323,PC ROTARY,"Av. Caxangá, 5362 - Iputinga, Recife - PE, 50800-195, Brazil",-8.0338985,-34.9509215
324,PC RUA ARTUR LICIO-01,"R. Artur Lício, 336 - Pina, Recife - PE, 51011-150, Brazil",-8.09292844988867,-34.8886823804638
325,PC RUA DO MARUIM-01,"R. Interlândia, 80 - São José, Recife - PE, 50090-610, Brazil",-8.07680372891474,-34.9000325203269
326,PC RUA DO NASCENTE-01,"R. do Nascente, 457 - Jardim São Paulo, Recife - PE, 50940-200, Brazil",-8.08230174244796,-34.9664111626769
327,PC RUA JOSE AUGUSTO DE BARROS,"Rua Dr. Rinaldo Victor Fernandes, 103 - Jiquiá, Recife - PE, 50771-250, Brazil",-8.08742896833832,-34.9237433055793
328,PC SABERE-01,"R. Emetério Maciel, 221 - Várzea, Recife - PE, 50740-120, Brazil",-8.0370714,-34.9524111
329,PC SALGUEIRO-01,"Condomínio do Edifício Rio Ica - Praça Salgueiro, 66 - Iputinga, Recife - PE, 50670-200, Brazil",-8.0426674,-34.9384753
330,PC SAN MARTIN-01,"R. Vinte e Um de Abril - San Martin, Recife - PE, 53160-635, Brazil",-8.0710251902628,-34.9288115932544
331,PC SANTA LUCIA (IPUTINGA)-01,"Av. Maurício de Nassau, 28c - Iputinga, Recife - PE, 50731-490, Brazil",-8.0388518,-34.9301398
332,PC SANTA LUZIA (COHAB)-01,"R. Manduri, 60 - COHAB, Recife - PE, 51340-170, Brazil",-8.11570275433707,-34.9549210789731
333,PC SAO JOSE DOS MANGUINHOS,"Av. Rui Barbosa, 412 - Graças, Recife - PE, 52011-040, Brazil",-8.04820258342031,-34.8989706774738
334,PC SAO PEDRO,"R. Brazopolis, 62 - Brasília Teimosa, Recife - PE, 51010-220, Brazil",-8.0889241,-34.8810261
335,PC SATURNINO DE BRITO-01,"Av. Saturnino de Brito, 392-444 - São José - Cabanga, Recife - PE, 50090-310, Brazil",-8.0794939,-34.8929958
336,PC SEMENTES DO AMANHA-01,"Av. Sebastião Salazar, 600 - Cajueiro, Recife - PE, 52221-175, Brazil",-8.0113709,-34.883766
337,PC SIMAO BORBA-01,"R. Severino Glacês, 74 - Areias, Recife - PE, 50860-220, Brazil",-8.09629342264129,-34.9247607910557
338,PC SITIO BENVENUTO-01,"Rua Jupiáçara, 49 - San Martin, Recife - PE, 50761-610, Brazil",-8.0751722,-34.9250421
339,PC SITIO DAS PALMEIRAS-01,"R. Álvaro Teixeira de Mesquita, 1557 - Engenho do Meio, Recife - PE, 50730-660, Brazil",-8.0512119,-34.9392191
340,PC SOLANEA,"Praça Do Axé - R. Mundaú, 2-34 - COHAB, Recife - PE, 51340-020, Brazil",-8.1165363,-34.9536798
341,PC SOLANGE PINTO MELO-01,"R. Real da Torre, 473 - Madalena, Recife - PE, 50610-000, Brazil",-8.05280709276596,-34.9087223980883
342,PC SOUTO FILHO-01,"Rua Hoel Sette, 130 - Jaqueira, Recife - PE, 52050-090, Brazil",-8.0359571,-34.9032066
343,PC TA APRU PASSARINHO-01,"Estrada do Passarinho, 35 - Passarinho, Recife - PE, 53170-110, Brazil",-7.97989269991971,-34.9178089535981
344,PC TAXISTA-01,"Ladeira da Cohab, 2-6 - COHAB, Recife - PE, 51290-010, Brazil",-8.11839249565427,-34.9462079477353
345,PC TEJIPIO-01,"69 - Tejipio, Recife - PE, 50930-100, Brazil",-8.09183455663497,-34.9644368844208
346,PC TOBIAS VITORINO DA SILVA-01,"R. Barão de Tracunhaém, 35 - Cajueiro, Recife - PE, 52221-220, Brazil",-8.01258946157423,-34.8865235956605
347,PC TOURAO-01,"R. Parente Viana, 396 - Jiquiá, Recife - PE, 50860-020, Brazil",-8.09679895547675,-34.9247489689138
348,PC TRABALHO-01,"Av. Norte Miguel Arraes de Alencar, 1655 - Casa Amarela, Recife - PE, 52021-000, Brazil",-8.0229728765079,-34.9143774221933
349,PC TRAVESSA PRINCIPE DA BEIRA-01,"1A Travessa Príncipe da Beira, 98 - Jiquiá, Recife - PE, 50771-400, Brazil",-8.0894206910684,-34.9266475961654
350,PC TREZE DE JUNHO-01,"Av. Prof. José dos Anjos, 2002 - Arruda, Recife - PE, 52041-740, Brazil",-8.0277898,-34.8931422
351,PC ULISSES LEON DE OLIVEIRA-01,"R. Me. Rosa Gatorno, 214 - Hipódromo, Recife - PE, 52041-650, Brazil",-8.0292376,-34.8894064
352,PC UR1-01,"R. Ten. João Maurício Campos, 11 - COHAB, Recife - PE, 51290-212, Brazil",-8.12125901935148,-34.9459916991114
353,PC USF PLAN DOS MACACOS-01,"R. Quatro de Setembro, 145 - Curado, Recife - PE, 50790-405, Brazil",-8.08164172911769,-34.9535672607185
354,PC VILA DO MOINHO RECIFE-01,"R. Domingos Bastos, 108 - Encruzilhada, Recife - PE, 52030-020, Brazil",-8.0373997,-34.8886301
355,PC VILA UNIAO-01,"R. Nova Aliança, s/n - Iputinga, Recife - PE, 50680-280, Brazil",-8.03083368846159,-34.9327656626701
356,PC VIRGILIO DE OLIVEIRA-01,"R. Virgílio de Oliveira, 235 - Poço da Panela, Recife - PE, 52061-280, Brazil",-8.0376506,-34.9229865
357,PC VISCONDE DE MAUA-01,"PE-008, 460 - São José, Recife - PE, 50020-120, Brazil",-8.0678389,-34.8822856
358,PC VITORIA DO POVO,"R. Jordânia, 10 - Ibura, Recife - PE, 51280-110, Brazil",-8.1181363,-34.9460172
359,PC ZEPELLIN-01,"PE-007, 2117 - Afogados, Recife - PE, 50850-275, Brazil",-8.0833784842509,-34.9249605567793
360,PC. CAMPO DE  PELADA,"R. Moacir Albuquerque, 198 - Imbiribeira, Recife - PE, 51170-440, Brazil",-8.0855597,-34.9102658
361,PC. DA RUA ARQ LUIZ NUNES,"R. Olívia Menelau, 620 - Imbiribeira, Recife - PE, 51170-110, Brazil",-8.0892414,-34.9105011
362,PC. DOS GUERREIROS,"Av. Rio São Francisco, 461-523 - Cohab - COHAB, Recife - PE, 54365-310, Brazil",-8.1151061,-34.9504895
363,PCA DA RUA JOSE PIMENTEL,"Praça Vicente Antunes - R. Fernando Ferrari, 59 - Ipsep, Recife - PE, 51190-170, Brazil",-8.1145696,-34.9185314
364,PCA DA RUA PINHEIRO MACHADO,"R. Eng. Henrique Marques Lins, 5 - COHAB, Recife - PE, 51320-160, Brazil",-8.1342504,-34.9513986
365,PCA DA RUA QUINTINO BOCAIUVA,"R. José Pímentel, 184 - Ipsep, Recife - PE, 51190-650, Brazil",-8.1153727,-34.9194676
366,PCA DO IML,"R. Engenho Mameluco, 24 - COHAB, Recife - PE, 51270-270, Brazil",-8.1129226,-34.9495644
367,PCA QUINZE DE SETEMBRO,"R. Felipe de Oliveira, 51-99 - Imbiribeira, Recife - PE, 51190-530, Brazil",-8.117055,-34.9171514
368,PQ 13 DE MAIO-01,"PE-009, 305 - Santo Amaro, Recife - PE, 50030-230, Brazil",-8.05675327391821,-34.8815795699842
369,PQ 13 DE MAIO-02,"PE-009, 305 - Santo Amaro, Recife - PE, 50030-230, Brazil",-8.05675327391821,-34.8815795699843
370,PQ 13 DE MAIO-03,"PE-009, 305 - Santo Amaro, Recife - PE, 50030-230, Brazil",-8.05675327391821,-34.8815795699844
371,PQ 13 DE MAIO-04,"PE-009, 305 - Santo Amaro, Recife - PE, 50030-230, Brazil",-8.05675327391821,-34.8815795699845
372,PQ BAOBA-01,"R. Antônio Célso Uchôa Cavalcante, 70 - Graças, Recife - PE, 52050-002, Brazil",-8.04147097882193,-34.9043417572647
373,PQ BAOBA-02,"R. Antônio Célso Uchôa Cavalcante, 70 - Graças, Recife - PE, 52050-002, Brazil",-8.04147097882193,-34.9043417572647
374,PQ CAIARA-01,"Parque do Caiara - Tv. Dr. José Anastácio da Silva Guimarães - Iputinga, Recife - PE, 50731, Brazil",-8.0387408612533,-34.9278700774921
375,PQ CAIARA-02,"Parque do Caiara - Tv. Dr. José Anastácio da Silva Guimarães - Iputinga, Recife - PE, 50731, Brazil",-8.0386047435782,-34.927824359346
376,PQ DE APIPUCOS-01,"R. de Apipucos, 521 - Apipucos, Recife - PE, 52071-640, Brazil",-8.0234581,-34.9306012
377,PQ ESCULTURAS-01,"Av Dr Zenilton Elias da Silva Douétts, Recife - PE, 50030-230, Brazil",-8.06394906512959,-34.8691446359157
378,PQ GRACAS-01,"Graças Park Lucia Moura - R. Medeiros e Albuquerque - Graças, Recife - PE, 50050-290, Brazil",-8.04680440125875,-34.9028258883557
379,PQ GRACAS-02,"Graças Park Lucia Moura - R. Medeiros e Albuquerque - Graças, Recife - PE, 50050-290, Brazil",-8.04687220536288,-34.9028910726103
380,PQ JAQUEIRA-01,"X37W+F4 - Jaqueira, Recife - PE, 50050-290, Brazil",-8.03644292037629,-34.9045354127884
381,PQ JAQUEIRA-02,"R. do Futuro, 1023 - Espinheiro, Recife - PE, 51020-001, Brazil",-8.0364078227174,-34.9044981825203
382,PQ JAQUEIRA-03,"X37W+F4 - Jaqueira, Recife - PE, 52050-180, Brazil",-8.03590368080999,-34.9046292888876
383,PQ JAQUEIRA-04,"R. do Futuro, 1100 - Jaqueira, Recife - PE, 52050-010, Brazil",-8.03681795000618,-34.9039012733295
384,PQ JAQUEIRA-05,"Administração Parque da Jaqueira - R. Dep. Pedro Pires Ferreira - Jaqueira, Recife - PE, 52050-480, Brazil",-8.0372882703768,-34.9040122513109
385,PQ JAQUEIRA-06,"X37W+F4 - Jaqueira, Recife - PE, 50050-290, Brazil",-8.03701574835932,-34.9046869974379
386,PQ JAQUEIRA-07,"X37W+F4 - Jaqueira, Recife - PE, 50050-290, Brazil",-8.03662015155661,-34.9049755401896
387,PQ JAQUEIRA-08,"X37W+F4 - Jaqueira, Recife - PE, 50050-290, Brazil",-8.03639158433926,-34.9051664223176
388,PQ MACAXEIRA-01,"Av. Norte Miguel Arraes de Alencar, 7695 - Macaxeira, Recife - PE, 52071-035, Brazil",-8.01505249131548,-34.9321824892079
389,PQ MACAXEIRA-02,"Av. Norte Miguel Arraes de Alencar, 7769 - Macaxeira, Recife - PE, 52071-035, Brazil",-8.01385120330498,-34.932333418266
390,PQ MACAXEIRA-03,"R. Cel. João Batista do Rêgo Barros, 70 - Apipucos, Recife - PE, 52071-355, Brazil",-8.01649205364217,-34.9316514226112
391,PQ POCO DA PANELA,"Estr. Real do Poço, 494 - Poço da Panela, Recife - PE, 52061-200, Brazil",-8.03641578397017,-34.9248915093217
392,PQ SANTANA-01,"R. Dr. Saulo Suassuna, 158 - Santana, Recife - PE, 52060-540, Brazil",-8.04172398198604,-34.917100896944
393,PQ SANTANA-02,"Terminal de Santana - Santana - Santana, Recife - PE, 52060-530, Brazil",-8.04135936721833,-34.9174200388027
394,PQ SANTANA-03,"R. Dr. Saulo Suassuna, 158 - Santana, Recife - PE, 52060-540, Brazil",-8.04112788929926,-34.9165923436191
395,PQ VICENTE ANDRE GOMES-01,"R. Paraisópolis, 125 - Nova Descoberta, Recife - PE, 52081-300, Brazil",-8.0193133,-34.9248459
396,PQ. INFANTIL WALT DISNEY,"Condomínio do Edificio Veleiro - R. Zeferino Galvão, 68 - Boa Viagem, Recife - PE, 51111-110, Brazil",-8.1075936,-34.8889076
397,PRACA ALFREDO PINTO,"R. Goiânia, 23 - Areias, Recife - PE, 50780-140, Brazil",-8.0939475,-34.9371307
398,PRACA ANGELICA-01,"Praça Angélica - R. Angélica, 100 - Cordeiro, Recife - PE, 50721-710, Brazil",-8.0536018,-34.9315695
399,PRACA ANIBAL FERNANDES,"R. Cap. Estevão Fernandes, 138 - Areias, Recife - PE, 50870-020, Brazil",-8.0931343,-34.9304058
400,PRACA CAIXITO,"R. Flora Rica, 308 - San Martin, Recife - PE, 50761-390, Brazil",-8.07395812736628,-34.9308541134954
401,PRACA CAPIBA - GRACAS,"Rua Edgar D'Amorim, 97a - Aflitos, Recife - PE, 52050-003, Brazil",-8.04375579211318,-34.8979449016815
402,PRACA CARLOS DUARTE-01,"R. do Veiga, 32a - Santo Amaro, Recife - PE, 50040-110, Brazil",-8.0529827,-34.8795947
403,PRACA CARMELA DUTRA,"R. Gen. Souza Doca, 13 - Afogados, Recife - PE, 50850-060, Brazil",-8.0785918,-34.9149043
404,PRACA CIRC ALTO DO JORDAO,"R. Petrolândia, 96 - Jordão, Recife - PE, 51260-350, Brazil",-8.1357658,-34.9437636
405,PRACA COSME VIANA-01,"R. Padre Teófilo Tworz, 447 - Afogados, Recife - PE, 50830-235, Brazil",-8.0654293,-34.9088993
406,PRACA DA ALEGRIA,"R. da Alegria, 307 - Boa Vista, Recife - PE, 50060-260, Brazil",-8.0637085,-34.8869896
407,PRACA DA AVENIDA ROBERT KENNEDY,"Robert Kennedy / Da Juventude - Av. Senador Robert Kennedy, S/N - Ipsep, Recife - PE, 51190-570, Brazil",-8.11649030514809,-34.9186492874862
408,PRACA DA CAVALARIA,"R. Delmiro Gouvêia, 330 - San Martin, Recife - PE, 50761-265, Brazil",-8.0639055,-34.9299252
409,PRACA DA PAZ-01,"R. Maria Pereira de Lucena, 1 - Afogados, Recife - PE, 50770-280, Brazil",-8.0805163,-34.9063358
410,PRACA DA RUA JOAO GUILHERME-01,"R. José Pímentel, 184 - Ipsep, Recife - PE, 51190-650, Brazil",-8.1153727,-34.9194676
411,PRACA DEZESSETE-01,"Rua Imperador Pedro Segundo, 512 - Santo Antônio, Recife - PE, 50010-240, Brazil",-8.06526731610246,-34.8767206885567
412,PRACA DEZESSETE-02,"Av. Martins de Barros, 511 - Santo Antônio, Recife - PE, 50010-230, Brazil",-8.06512702121264,-34.8763821315
413,PRACA DO  CHIE-02,"R. Rio Jaratuba, 25 - Ipsep, Recife - PE, 51350-150, Brazil",-8.10498164426247,-34.9224650785749
414,PRACA DO BAMBU-01,"R. Diamantino, 150 - COHAB, Recife - PE, 51340-550, Brazil",-8.1218687,-34.9545022
415,PRACA DO CHIE-01,"R. Blumenau, 18 - Ipsep, Recife - PE, 51350-190, Brazil",-8.10540117445477,-34.9221754390659
416,PRACA DO COQUE-01,"Pte. José de Barros Lima, 1002 - Ilha Joana Bezerra, Recife - PE, 50030-230, Brazil",-8.06977428266961,-34.8971016625824
417,PRACA DO JACARE,"Rua Edward Jenner, 8 - Imbiribeira, Recife - PE, 51190-540, Brazil",-8.118206,-34.9178001
418,PRACA DO PARAISO,"Rua 5 de Novembro, 177 - Afogados, Recife - PE, 50770-310, Brazil",-8.0811558,-34.9085507
419,PRACA DO S ,"Av. Mato Grosso, 212 - COHAB, Recife - PE, 51290-400, Brazil",-8.1221621,-34.9469576
420,PRACA DO SENA,"R. Cap. João Pontes, 92 - Areias, Recife - PE, 50870-290, Brazil",-8.0953083,-34.9337874
421,PRACA DO TRISTAO,"Praça Do Axé - R. Mundaú, 2-34 - COHAB, Recife - PE, 51340-020, Brazil",-8.1165363,-34.9536798
422,PRACA DOM BOSCO,"Rua Mineirolândia, 103 - San Martin, Recife - PE, 50761-620, Brazil",-8.0744196,-34.9272405
423,PRACA DOM VITAL-01,"Praça Dom Vital, s/n - bx 73/74 - São José, Recife - PE, 50020-280, Brazil",-8.0686209,-34.8780248
424,PRACA DR PADUA WALFRIDO,"R. Rio Solimões, 190 - Areias, Recife - PE, 50780-231, Brazil",-8.097792,-34.9377745
425,PRACA GUSTAVO BARROSO,"R. Bernardo Vieira de Melo, 29 - Recife, PE, 50030-250, Brazil",-8.0590974,-34.8709247
426,PRACA INFANTIL JHON F KENNEDY,"R. Itamonte, 75 - Curado, Recife - PE, 50790-440, Brazil",-8.0815091,-34.9557787
427,PRACA ISABEL DE GOES,"R. Cap. Amaro Cerqueira, 195 - Areias, Recife - PE, 50870-360, Brazil",-8.0977086,-34.9339893
428,PRACA JOAQUIM CARDOSO / DA BIBLIOTECA,"Rua Professor Augusto Wanderley Filho, 749 - Afogados, Recife - PE, 50770-320, Brazil",-8.08217973319293,-34.9080075202062
429,PRACA JORNALISTA OTAVIO SARMENTO CARDOSO,"R. Dr. José Munguba Sobrinho, 234 - Várzea, Recife - PE, 50810-060, Brazil",-8.036994,-34.955928
430,PRACA JOSE D EMERY CARNEIRO-01,"R. Mal. Craveiro Lopes, 66A - Ipsep, Recife - PE, 51190-280, Brazil",-8.1164769,-34.9209922
431,PRACA JOSE VIEIRA-01,"R. Manoel Serafim do Couto, 217 - Imbiribeira, Recife - PE, 51150-150, Brazil",-8.0870721,-34.9053025
432,PRACA MARACANGAIA-01,"R. Óbidos, 8 - COHAB, Recife - PE, 51340-090, Brazil",-8.1167054,-34.9548502
433,PRACA MARIA VITALINA GONCALVES DA ROCHA,"R. Isaac Markman, 196 - Bongi, Recife - PE, 50751-530, Brazil",-8.064086,-34.9220886
434,PRACA MINISTRO SALGADO FILHO,"Av. Mal. Mascarenhas de Morais, 5209 - Boa Viagem, Recife - PE, 51210-001, Brazil",-8.1308653,-34.9161005
435,PRACA MONSENHOR ARRUDA CAMARA-01,"R. Antônio Vaz, 187 - Areias, Recife - PE, 50870-040, Brazil",-8.0922987,-34.9313562
436,PRACA MONSENHOR ARRUDA CAMERA,"R. Gen. Francisco Figueiroa, 275 - Areias, Recife - PE, 50870-010, Brazil",-8.0928987,-34.9300098
437,PRACA MOVICAR,"Praça Manfredo Nigro - R. Cap. Vicente Moutinho, 87 - Areias, Recife - PE, 50870-100, Brazil",-8.0934645,-34.9325416
438,PRACA NABOR DO CARMO LOPES,"R. Engenho Camboinha, 459 - Imbiribeira, Recife - PE, 51150-120, Brazil",-8.08908103482138,-34.9057573139129
439,PRACA NOSSA SENHORA DE FATIMA,"Rua Monsenhor Callou, s/n - San Martin, Recife - PE, 50761-460, Brazil",-8.071997,-34.9305907
440,PRACA PAULO SILVEIRA DO NASCIMENTO,"R. Daniel Antônio Rodrigues, 159 - Afogados, Recife - PE, 50850-360, Brazil",-8.0830037,-34.919635
441,PRACA PEDRO BRANDAO,"R. Jerônimo Inojosa, 45 - Areias, Recife - PE, 50870-390, Brazil",-8.0977024,-34.932052
442,PRACA PONTE MOTOCOLOMBO,"Av. Sul Gov. Cid Sampaio, 7938 - Afogados, Recife - PE, 50770-011, Brazil",-8.0825935,-34.905882
443,PRACA PRESIDENTE KENNEDY,"n°1 - Tv. Doná Carentina - Jordão, Recife - PE, 51260-050, Brazil",-8.1357333,-34.9390411
444,PRACA PROFESSOR JERONIMO GUEIROS,"R. Joraci Camargo, 25 - Jordão, Recife - PE, 51260-170, Brazil",-8.1354554,-34.9400795
445,PRACA RUA ELIZA LEAL WANDERLEy,"R. Dep. Célso Miranda, 57 - Ipsep, Recife - PE, 51350-470, Brazil",-8.1099114,-34.926611
446,PRACA SAO BRAZ,"R. Cap. Manuel de Águiar, 53 - Areias, Recife - PE, 50870-110, Brazil",-8.09452404513651,-34.9317650067457
447,PRACA SAO FRANCISCO  - AMANTE DAS FLORES,"R. Jaguaruna, 8 - COHAB, Recife - PE, 51280-160, Brazil",-8.1156000317425,-34.9458752553712
448,PRACA SAO FRANCISCO DE ASSIS,"R. Sd. José Vivanco, 34 - Várzea, Recife - PE, 50970-060, Brazil",-8.03659505913409,-34.9756703799185
449,PRACA SARGENTO MAX WOLFF FILHO-01,"Rua Sargento Wolff, 172 - Afogados, Recife - PE, 50830-400, Brazil",-8.0710694,-34.9112133
450,PRACA SEBASTIAO PONTES,"R. Cap. Domingos da Costa, 308A - Areias, Recife - PE, 50870-280, Brazil",-8.0973474,-34.9339594
451,PRACA SELECAO SETENTA,"Av. Armindo Moura, 45 - Piedade, Jaboatão dos Guararapes - PE, 54315-003, Brazil",-8.1490309,-34.9131846
452,PRACA TRES MARIAS-01,"Praça 3 Marias - R. Engenho Serra Grande, 70-104 - COHAB, Recife - PE, 51270-060, Brazil",-8.1134492,-34.95105
453,PRACA VISCONDE DE MAUA-02,"Praça Paulo Bernardo - R. Regueira Costa - Rosarinho, Recife - PE, 52041-050, Brazil",-8.0323126,-34.8983957
454,PRACINHA BORBOREMA-01,"R. Padre Leandro Camelo, 60 - Boa Viagem, Recife - PE, 51130-250, Brazil",-8.14365823272504,-34.9131449502627
455,PRACINHA DE BOA VIAGEM-01,"Rua Dr. Nilo Dornelas Câmara, 16 - Boa Viagem, Recife - PE, 51021-400, Brazil",-8.1318849763062,-34.9008647202629
456,PRACINHA DE BOA VIAGEM-02,"Rua Dr. Nilo Dornelas Câmara, 16 - Boa Viagem, Recife - PE, 51021-400, Brazil",-8.1318849763062,-34.9008647202629
457,PRAIA BURACO DA VEIA-01,"R. Projetada, 18 - Brasília Teimosa, Recife - PE, 51010-145, Brazil",-8.08024126990912,-34.8767334598593
458,QUADRA MINERVA-01,"R. Aluizio de Souza Bandeira, 83 - Dois Unidos, Recife - PE, 52140-455, Brazil",-7.99890193110259,-34.9076930300773
459,QUADRA POLIESPORTIVA DANCING DAYS-01,"1A Travessa Poeta Manuel Bandeira, 381 - Imbiribeira, Recife - PE, 51170-590, Brazil",-8.10112607468617,-34.9166278070708
460,QUADRA POLIESPORTIVA UR3-01,"Av. Engenho Babilônia, 168 - COHAB, Recife - PE, 51270-080, Brazil",-8.11256136435273,-34.9497256616283
461,QUEIRA DEUS,"R. Queira Deus, 43 - Tejipio, Recife - PE, 50930-180, Brazil",-8.093208,-34.9613346
462,QUIOSQUE 05,"Av. Boa Viagem, 03 - Boa Viagem, Recife - PE, 51011-000, Brazil",-8.09686388714618,-34.8832101023054
463,R. MOEDA,"R. da Moeda, 140 - Recife, PE, 50030-040, Brazil",-8.0646371139854,-34.873123556677
464,RUA DA AURORA-01,"R. da Aurora, 1139 - Santo Amaro, Recife - PE, 50040-090, Brazil",-8.05482788455188,-34.8769999070309
465,RUA DA GUIA-01,"R. da Guia, 183 - Recife, PE, 50030-210, Brazil",-8.06128622831147,-34.87168638349
466,RUA DA IMPERATRIZ-01,"R. Imperatriz Teresa Cristina, s/n - Boa Vista, Recife - PE, 50030-230, Brazil",-8.06305734568075,-34.8838811935993
467,RUA DA IMPERATRIZ-02,"R. Imperatriz Teresa Cristina, 94 - Boa Vista, Recife - PE, 50060-120, Brazil",-8.06317637744038,-34.8833721966437
468,RUA DA IMPERATRIZ-03,"R. Imperatriz Teresa Cristina, 227 - Boa Vista, Recife - PE, 50060-120, Brazil",-8.0628957716718,-34.8844008514929
469,RUA MARIZ DE BARROS-01,"R. da Moeda, 92-166 - Recife, PE, 50030-040, Brazil",-8.06460368403327,-34.8728505952423
470,SITIO DA TRINDADE-01,"Estr. do Arraial, 3265 - Tamarineira, Recife - PE, 52051-380, Brazil",-8.02861069016891,-34.9118417501449
471,TRAVESSA TIRADENTES-01,"R. Bernardo Vieira de Melo, 29 - Recife, PE, 50030-250, Brazil",-8.0590974,-34.8709247
